{"cameraMode":{"drawMode":0,"name":"Shaded","section":"Shading Mode"},"sceneLighting":false,"audioPlay":false,"sceneViewState":{"m_AlwaysRefresh":false,"showFog":true,"showSkybox":false,"showFlares":true,"showImageEffects":true,"showParticleSystems":true,"showVisualEffectGraphs":true,"m_FxEnabled":true},"in2DMode":false,"pivot":{"x":-0.004999935626983643,"y":5.960464477539063e-8,"z":1.7881393432617188e-7},"rotation":{"x":-0.38421517610549929,"y":0.5906388163566589,"z":-0.6006621718406677,"w":-0.37780749797821047},"size":2.1911749839782717,"orthographic":false}